driver_id,driver_name,phone_number,license_number,hire_date,status,primary_zone,vehicle_make,vehicle_model,created_at
1,Shawn Allen,2016845894,732K1,2024-10-15,active,6,Toyota,Prius,2024-10-22
2,Warren Sullivan,331-262-2194,387 RJL,2025-05-28,active,6,Toyota,Camry,2025-06-15
3,Ryan Diaz,281.876.6638x24,69I-VPWY,2023-10-24,active,1,Toyota,Corolla,2023-10-31
4,Erica Tanner,469.767.5273,39RK9,2024-11-07,active,5,Toyota,Corolla,2024-11-29
5,Martha Daniel,+1-646-580-4260,YJQ-135,2023-11-06,active,4,Nissan,Altima,2023-11-20
6,Brandon Martin,267-648-7934,947Z,2024-03-20,active,2,Toyota,RAV4,2024-03-30
7,Sonia Smith,348-828-4177x72,BUD3033,2024-01-14,active,3,Honda,Accord,2024-01-16
8,Kenneth Sanchez,001-678-915-368,683 PJR,2025-01-19,active,3,Ford,Explorer,2025-01-27
9,Jennifer Diaz,(771)312-9836x2,332 JSD,2024-08-28,active,5,Chevrolet,Malibu,2024-09-26
10,Sydney Leon,668.503.0805,109 BPZ,2024-03-13,active,3,Nissan,Rogue,2024-03-31
11,Paul Thomas,(289)470-6578x6,182-JHI,2024-02-14,active,1,Toyota,Corolla,2024-03-09
12,Selena Roman,(856)515-8380,KLA-688,2025-05-03,active,2,Toyota,Camry,2025-05-15
13,Debra Noble,+1-954-323-4695,4J 0358H,2023-07-28,active,2,Ford,Escape,2023-08-08
14,Paul Montoya,645-570-1213,OYW0375,2024-08-08,active,6,Ford,Explorer,2024-08-28
15,Robert Smith,(307)745-6586x6,2-17558N,2023-10-10,inactive,5,Honda,CR-V,2023-10-17
16,Jacob Wright,315-936-4564,864Z8,2024-05-21,active,3,Chevrolet,Malibu,2024-06-11
17,Shawn Cannon,715.410.4112,235 CAT,2023-08-07,active,2,Toyota,Camry,2023-09-01
18,Glenda Keller,(295)740-6395x8,011416,2024-03-22,active,1,Ford,Fusion,2024-04-20
19,Nicole Vargas,(310)556-3021,34D E31,2024-07-23,active,2,Ford,Explorer,2024-08-07
20,James Carter,825.686.6714x48,WE-1017,2025-02-06,active,2,Chevrolet,Equinox,2025-02-10
21,Cassandra Merritt,803-640-7600x23,YCL-3017,2024-11-21,active,5,Nissan,Rogue,2024-12-14
22,Holly Evans,831.439.9264,J42 7ER,2025-01-26,active,4,Nissan,Rogue,2025-02-02
23,Beverly Brooks,(987)579-6379x1,3I189,2025-04-02,active,5,Honda,Civic,2025-04-04
24,Gerald Montgomery,214.310.1382x70,89LV9,2024-04-17,active,2,Toyota,Corolla,2024-05-12
25,Jeremy Webb,+1-946-605-5478,439 1CS,2023-08-03,active,1,Nissan,Rogue,2023-08-15
26,David Meadows,220.222.4443,3GOR147,2024-07-26,active,5,Chevrolet,Equinox,2024-08-12
27,Ashley Miller,429.253.7350x77,3-8109M,2024-12-07,active,6,Toyota,Camry,2024-12-28
28,Erica Allen,(838)956-3952,270 ISN,2024-12-26,active,6,Ford,Escape,2024-12-29
29,Antonio Mooney,(424)347-5541,051-FNZ,2023-07-26,active,4,Honda,Accord,2023-08-25
30,Kimberly Fisher,857-546-8917x99,FGY 363,2024-05-01,active,5,Ford,Fusion,2024-05-17
31,Sonya Gray,001-304-897-463,012H1,2024-10-21,active,6,Ford,Explorer,2024-11-09
32,Jennifer Jarvis,920.572.3619x78,467 8RX,2024-12-08,active,2,Ford,Explorer,2025-01-07
33,Denise Allen,743-728-3805x96,6Y 2055X,2024-03-19,active,1,Nissan,Rogue,2024-04-03
34,Carol Haas,382-308-0371,475-ITN,2024-02-07,inactive,3,Ford,Fusion,2024-02-08
35,Heidi Gilbert,+1-744-356-5634,MOA 021,2024-02-28,active,1,Nissan,Altima,2024-03-22
36,Michelle Hughes,+1-385-511-7360,Q47 7FH,2024-11-08,active,5,Toyota,Corolla,2024-11-12
37,Deanna Campbell,+1-830-492-9246,1DY N37,2024-10-10,active,2,Nissan,Rogue,2024-10-26
38,Crystal Davis,804.801.5166,1YP 789,2024-02-03,active,2,Chevrolet,Malibu,2024-02-25
39,Kimberly Johnson,6939875592,ZMO 803,2024-10-11,active,4,Ford,Explorer,2024-10-25
40,Danny Mitchell,5099644147,ZZA 836,2025-04-27,active,1,Honda,Civic,2025-04-27
41,Elizabeth Levy,001-599-410-417,953-981,2023-10-16,active,5,Honda,Accord,2023-10-16
42,Samantha Williams,+1-233-345-6484,383 4035,2024-07-06,inactive,2,Toyota,Camry,2024-08-03
43,James Ramirez,6823737489,9DDV 70,2025-04-05,inactive,1,Ford,Explorer,2025-04-12
44,Marie Brown,779-486-0220,XWD-1717,2024-05-23,active,2,Chevrolet,Malibu,2024-06-15
45,Nathaniel White,001-906-939-536,700 DQG,2024-01-18,active,5,Nissan,Rogue,2024-01-25
46,Caitlyn Alvarez,001-790-432-492,32P 6889,2024-04-06,active,2,Chevrolet,Malibu,2024-04-09
47,Ashley Winters,+1-543-344-7527,YMV-4824,2025-03-23,active,4,Ford,Escape,2025-04-06
48,Raymond Hopkins,793.456.9283,479 6231,2024-03-10,active,6,Toyota,Camry,2024-03-11
49,Joseph Todd,622-560-6457x51,794-734,2025-03-25,active,1,Ford,Fusion,2025-03-31
50,Jacob Dunn,001-409-464-110,088 HXM,2024-06-17,active,2,Chevrolet,Equinox,2024-06-22
51,Katrina Bryant,001-464-696-584,9-6085V,2024-05-18,active,1,Honda,Civic,2024-06-12
52,Maria Brown,(592)399-6408,683 GHO,2024-07-08,active,1,Nissan,Altima,2024-07-28
53,Brian Hayes,001-602-999-813,418-DMK,2024-02-13,active,1,Toyota,Corolla,2024-02-18
54,Christopher Stanley,001-330-377-215,932-LWV,2025-05-04,active,2,Chevrolet,Equinox,2025-06-01
55,Amy Anderson,001-484-582-146,8UN20,2024-05-17,inactive,1,Chevrolet,Equinox,2024-05-25
56,Thomas Figueroa,450-652-3396x76,98Q WJ0,2023-09-11,active,3,Chevrolet,Equinox,2023-10-03
57,Tammy Weber,(442)755-0991,1WQ 496,2024-04-19,active,6,Nissan,Rogue,2024-04-23
58,Sharon Cook,546-939-2629x56,547 ZQD,2025-07-19,active,1,Honda,CR-V,2025-08-11
59,Hayley Bond,(812)770-3431,418 QDR,2024-07-14,active,1,Ford,Fusion,2024-08-01
60,Roberto Levy,531.394.5879x58,2P 3928L,2024-01-12,active,2,Nissan,Altima,2024-02-11
61,Julia Harrison,001-583-800-176,3LD Y49,2023-09-26,active,1,Honda,CR-V,2023-09-28
62,Joyce Jimenez,+1-418-996-1836,HZE-387,2024-08-05,active,4,Honda,Accord,2024-09-04
63,Melissa Campbell,(433)903-8587x5,LVT 036,2025-04-27,active,5,Honda,CR-V,2025-04-28
64,Kristie Rowe,679.826.8021,MIU 549,2024-04-10,active,6,Chevrolet,Equinox,2024-05-09
65,Brett Rogers,(469)551-9641,WS 8159,2024-02-06,active,2,Ford,Escape,2024-02-18
66,Kevin Terry,672.890.0542,ENP2777,2024-06-24,active,4,Ford,Escape,2024-07-23
67,Kathleen Green,562-863-0319,IOG 617,2024-08-17,active,1,Toyota,RAV4,2024-09-05
68,Jessica Simmons,(992)366-4693,500-FWJ,2025-05-28,active,1,Toyota,Corolla,2025-06-13
69,Brian Suarez,(729)282-5891x5,JWL-5336,2024-11-18,active,1,Ford,Fusion,2024-11-29
70,Carol Hansen,(465)254-5904x6,688-ABT,2025-07-07,active,5,Chevrolet,Equinox,2025-07-26
71,Andrew Strong,+1-795-362-0996,6GW32,2024-06-13,active,1,Nissan,Rogue,2024-07-12
72,Christian Simmons,640.202.1721x60,76-6853G,2024-10-19,active,3,Honda,Accord,2024-11-16
73,Lisa Mcdonald,210.832.6876x58,APD-246,2025-02-13,active,2,Nissan,Rogue,2025-02-22
74,James Scott,(321)511-8130x7,WQ6 B3A,2024-05-05,active,2,Ford,Explorer,2024-05-25
75,Justin Garrett,3808347521,9DS2617,2024-08-31,active,4,Nissan,Rogue,2024-09-28
76,Alexander Carter,+1-970-694-9705,028PII,2025-06-10,active,1,Toyota,RAV4,2025-07-06
77,Latasha Clayton,001-583-384-201,469 NRG,2024-02-22,active,3,Toyota,Corolla,2024-03-13
78,Marcus Ewing,+1-252-693-4557,UAO3090,2023-07-27,active,6,Honda,Civic,2023-08-13
79,Heather Davenport,001-311-965-643,TQ9 E1B,2024-03-29,active,1,Nissan,Altima,2024-03-31
80,Mark Carter,976-620-3375,3XA7863,2025-03-15,active,5,Honda,Accord,2025-04-10
81,Olivia Moore,742.934.7214,394 TJF,2024-01-19,active,2,Nissan,Rogue,2024-01-23
82,Christopher Pruitt,3016631033,EXW Y44,2025-04-01,inactive,1,Ford,Escape,2025-04-07
83,Mr. Stuart Wise Jr.,(514)363-8066x4,ZT0 9273,2024-02-17,active,3,Toyota,RAV4,2024-03-07
84,Thomas Davis,001-775-551-989,C41-16E,2024-09-15,active,2,Honda,Accord,2024-10-13
85,Crystal Sawyer,+1-412-413-4635,938854,2025-03-30,active,6,Honda,Civic,2025-04-24
86,Jim Daugherty,841-726-3704x33,680ZV,2024-05-30,active,3,Honda,Accord,2024-06-24
87,Carrie Arias,(222)946-9923,6711 RC,2025-07-13,active,1,Chevrolet,Equinox,2025-07-20
88,Dwayne Bowen,+1-456-512-4697,WKH 674,2023-11-29,active,3,Chevrolet,Equinox,2023-12-25
89,Michael Jones,(748)922-5728,2-08132,2024-09-13,active,2,Honda,Accord,2024-10-04
90,Amber Richardson,(363)915-7872x5,ROS-8731,2023-12-14,active,3,Ford,Fusion,2024-01-13
91,Shawn Rhodes,404-711-9000x12,55LS529,2024-03-20,active,6,Ford,Explorer,2024-04-01
92,James Simon,627.837.7240,892-LPZ,2023-12-31,active,3,Nissan,Altima,2024-01-03
93,Ashley Anderson,(439)376-5133x6,34-2841Z,2025-03-21,active,2,Ford,Explorer,2025-04-20
94,Morgan Smith,942.441.3429,88AY4,2024-07-03,active,1,Toyota,RAV4,2024-07-14
95,Sergio Joyce PhD,+1-343-958-5874,VTT1024,2025-04-08,active,4,Ford,Explorer,2025-04-24
96,Brittany Ross,671.556.8381,VN5 A1T,2023-08-16,active,2,Nissan,Rogue,2023-08-17
97,Karen Thomas,(437)960-4568x1,HK9 V9R,2024-09-28,active,5,Toyota,Corolla,2024-10-09
98,Dr. Lauren Gomez,882-454-2932,16D 0067,2025-04-07,active,5,Ford,Escape,2025-04-28
99,Lorraine Duffy,(725)342-6317x8,214 UPH,2023-07-24,active,5,Ford,Escape,2023-08-14
100,Shane Allen,909-616-9090,STL-5599,2024-12-04,active,6,Chevrolet,Equinox,2024-12-21
